{
  "id": "2132310",
  "name": "books",
  "font_family": "iconfont",
  "css_prefix_text": "icon-",
  "description": "",
  "glyphs": [
    {
      "icon_id": "792496",
      "name": "bird-小鸟",
      "font_class": "birdxiaoniao",
      "unicode": "e736",
      "unicode_decimal": 59190
    },
    {
      "icon_id": "1577750",
      "name": "联系人",
      "font_class": "ren",
      "unicode": "e602",
      "unicode_decimal": 58882
    },
    {
      "icon_id": "1945115",
      "name": "排球",
      "font_class": "paiqiu",
      "unicode": "e62a",
      "unicode_decimal": 58922
    },
    {
      "icon_id": "4133760",
      "name": "时间 历史记录 计时 钟表 面性",
      "font_class": "shijianlishijilujishizhongbiaomianxing",
      "unicode": "e896",
      "unicode_decimal": 59542
    },
    {
      "icon_id": "5504588",
      "name": "星星",
      "font_class": "xingxing",
      "unicode": "e6e3",
      "unicode_decimal": 59107
    },
    {
      "icon_id": "8077312",
      "name": "闪电",
      "font_class": "shandian",
      "unicode": "e62d",
      "unicode_decimal": 58925
    },
    {
      "icon_id": "8571243",
      "name": "脸书",
      "font_class": "tubiaozhizuomoban",
      "unicode": "e61b",
      "unicode_decimal": 58907
    },
    {
      "icon_id": "11898125",
      "name": "纸飞机",
      "font_class": "zhifeiji",
      "unicode": "e60d",
      "unicode_decimal": 58893
    },
    {
      "icon_id": "12656690",
      "name": "电  话",
      "font_class": "dianhua",
      "unicode": "e649",
      "unicode_decimal": 58953
    },
    {
      "icon_id": "14585511",
      "name": "信息",
      "font_class": "msg1x",
      "unicode": "e615",
      "unicode_decimal": 58901
    }
  ]
}
